Database,Units,Series_Code,Country,Descriptor,1970A1,1971A1,1972A1,1973A1,1974A1,1975A1,1976A1,1977A1,1978A1,1979A1,1980A1,1981A1,1982A1,1983A1,1984A1,1985A1,1986A1,1987A1,1988A1, y_1989,y_1990,y_1991,y_1992,y_1993,y_1994,y_1995,y_1996,y_1997,y_1998,y_1999,y_2000,y_2001,y_2002
"World Economic Outlook, May 2001",Annual percent change,W914NGDP_R%,ALBANIA,"Gross domestic product, constant prices",2.7,2.7,2.7,2.7,2.7,2.7,2.7,2.7,2.7,2.7,2.68,5,2.9,1.1,-1.3,1.8,5.6,-0.8,-1.4,9.8,-10,-28,-7.2,9.6,9.4,8.9,9.1,-7,8,7.3,7.8,7.3,7
"World Economic Outlook, May 2001",Annual percent change,W612NGDP_R%,ALGERIA,"Gross domestic product, constant prices",7.33,-1.93,10.25,7.63,1.22,10.28,9.03,7.55,9.2,-5.4,-5.4,3,6.4,5.4,5.6,5.6,-0.2,-0.7,-1.9,4.8,0.8,-1.2,1.6,-2.1,-0.9,3.85,3.8,1.1,5.1,3.2,2.97,3.13,3.12
"World Economic Outlook, May 2001",Annual percent change,W614NGDP_R%,ANGOLA,"Gross domestic product, constant prices",9.63,6,0.15,8.14,3.13,-5.04,-5.25,0.76,-5.3,0.3,2.41,-4.4,0,4.2,6,3.5,2.9,4.08,6.13,0.04,0.06,0.32,-5.84,-23.98,1.34,7.11,7.9,6.18,3.14,3.38,2.12,n.a.,n.a.
"World Economic Outlook, May 2001",Annual percent change,W311NGDP_R%,ANTIGUA AND BARBUDA,"Gross domestic product, constant prices",4.39,7.34,7.48,8.3,6.77,2.9,4.86,4.71,9.42,7.71,2.63,2.67,-0.1,8.8,8.5,15.28,8.9,8.98,5.67,6.83,2.28,2.73,0.84,5.08,6.18,-4.96,6.08,5.55,3.9,3.2,2.46,n.a.,n.a.
"World Economic Outlook, May 2001",Annual percent change,W213NGDP_R%,ARGENTINA,"Gross domestic product, constant prices",0,6.67,6.25,5.88,5.56,-1.3,-3.3,4.9,-3.4,7.1,0.7,-5.74,-3.15,3.73,2,-6.95,7.15,2.53,-1.96,-7.01,-1.34,10.5,10.3,6.25,5.84,-2.84,5.53,8.11,3.85,-3.4,-0.49,2,3.79
"World Economic Outlook, May 2001",Annual percent change,W911NGDP_R%,ARMENIA,"Gross domestic product, constant prices",n.a.,n.a.,n.a.,n.a.,n.a.,n.a.,n.a.,n.a.,n.a.,n.a.,n.a.,n.a.,n.a.,n.a.,n.a.,n.a.,n.a.,n.a.,n.a.,n.a.,n.a.,-12.36,-52.6,-14.05,5.4,6.9,5.87,3.32,7.34,3.3,6,6.51,6
"World Economic Outlook, May 2001",Annual percent change,W193NGDP_R%,AUSTRALIA,"Gross domestic product, constant prices",5.19,5.02,2.41,6.87,1.97,2.3,3.89,1.62,2.9,5.27,2,3.86,-0.12,0.01,6.9,5.06,2.08,4.94,4.72,4.46,1.42,-0.92,2.6,3.79,4.99,4.37,3.74,3.82,5.58,4.66,3.71,1.95,3.48
"World Economic Outlook, May 2001",Annual percent change,W122NGDP_R%,AUSTRIA,"Gross domestic product, constant prices",7.17,5.11,6.21,4.89,3.94,-0.36,4.58,4.68,-0.36,5.45,2.31,-0.1,1.91,2.8,0.33,2.24,2.34,1.68,3.17,4.23,4.55,3.42,1.34,0.51,2.38,1.7,1.81,1.33,3.25,2.82,3.2,2.2,2.6
"World Economic Outlook, May 2001",Annual percent change,W912NGDP_R%,AZERBAIJAN,"Gross domestic product, constant prices",n.a.,n.a.,n.a.,n.a.,n.a.,n.a.,n.a.,n.a.,n.a.,n.a.,n.a.,n.a.,n.a.,n.a.,n.a.,n.a.,n.a.,n.a.,n.a.,n.a.,n.a.,-0.7,-22.73,-23.1,-19.67,-11.8,1.3,5.8,10,7.4,10.27,8.51,8.03
"World Economic Outlook, May 2001",Annual percent change,W313NGDP_R%,"BAHAMAS, THE","Gross domestic product, constant prices",5.88,-1.12,0.71,8.46,7.02,-14.58,4.84,2.99,9.88,11.3,7.1,-2.9,6.3,6.8,2.4,4.1,2.6,3.7,2.26,2.3,1.25,-2.7,-2,1.7,0.9,0.3,4.2,3.3,3,6,3.5,n.a.,n.a.
"World Economic Outlook, May 2001",Annual percent change,W419NGDP_R%,BAHRAIN,"Gross domestic product, constant prices",1.93,1.52,11.08,13.99,8.54,-8.9,24.21,14.3,7.73,-0.36,7.49,2.78,6.41,6.99,4.19,-0.93,0.48,-1.22,5.95,4.41,7.27,1.73,6.7,12.87,-0.25,3.93,4.1,3.1,4.8,3.95,3.89,n.a.,n.a.
"World Economic Outlook, May 2001",Annual percent change,W513NGDP_R%,BANGLADESH,"Gross domestic product, constant prices",5.63,-5.91,-14.31,4.08,12.1,2.39,2.87,4.29,6.7,3.06,2.41,2.63,3.54,5.55,4.51,4.07,4.83,4.26,3.48,5,4.92,4.2,4.8,4.32,4.51,4.77,5.01,5.3,5.05,5.18,4.97,4.5,4.5
"World Economic Outlook, May 2001",Annual percent change,W316NGDP_R%,BARBADOS,"Gross domestic product, constant prices",5.88,6.4,4.67,3.93,5.66,15.52,7.82,3.65,4.87,7.9,4.37,-1.9,-4.9,0.5,3.6,1.1,5.1,2.6,3.5,3.6,-3.3,-3.9,-5.7,0.8,4,3.08,1.7,6.37,4.12,1.26,3.23,n.a.,n.a.
"World Economic Outlook, May 2001",Annual percent change,W913NGDP_R%,BELARUS,"Gross domestic product, constant prices",n.a.,n.a.,n.a.,n.a.,n.a.,n.a.,n.a.,n.a.,n.a.,n.a.,n.a.,n.a.,n.a.,n.a.,n.a.,n.a.,n.a.,n.a.,n.a.,n.a.,n.a.,-1.23,-9.7,-7,-12.6,-10.4,2.81,11.4,8.3,3.4,6,2.5,3.1
"World Economic Outlook, May 2001",Annual percent change,W124NGDP_R%,BELGIUM,"Gross domestic product, constant prices",7.6,3.54,5.47,5.64,4.3,-1.53,5.79,0.35,2.77,1.72,1.63,13.34,1.31,-0.55,2.41,1.93,1.79,2.67,4.62,3.64,2.76,1.92,1.6,-1.52,2.97,2.56,1.18,3.41,2.43,2.73,3.92,2.43,2.42
"World Economic Outlook, May 2001",Annual percent change,W339NGDP_R%,BELIZE,"Gross domestic product, constant prices",5.23,6.75,4.51,-0.51,9.3,0.66,-0.66,4.16,7.89,4.79,5.01,0.21,-0.28,-2.15,1.98,1.02,4.6,11.62,8.98,13,10.2,3.1,10.2,3.3,1.8,3.3,1.99,3.64,4.53,4.49,5.96,n.a.,n.a.
"World Economic Outlook, May 2001",Annual percent change,W638NGDP_R%,BENIN,"Gross domestic product, constant prices",2.03,1.95,8.93,2.28,-7.54,4.37,4.27,5.68,2.8,4.92,9.69,1.93,1.68,-2,0.4,4.33,2.15,-1.5,3.43,-2.85,3.21,4.72,4.01,3.52,4.37,4.6,5.55,5.72,4.51,4.96,5.26,n.a.,n.a.
"World Economic Outlook, May 2001",Annual percent change,W514NGDP_R%,BHUTAN,"Gross domestic product, constant prices",5.02,2.66,1.16,1.49,5.14,-3.3,8.95,7.9,7.14,4.8,4.99,10.03,5.35,7.96,7.01,3.68,10.2,17.79,1.06,4.66,6.61,3.51,4.52,6.07,6.38,7.44,6.07,7.3,5.5,5.9,6.1,n.a.,n.a.
"World Economic Outlook, May 2001",Annual percent change,W218NGDP_R%,BOLIVIA,"Gross domestic product, constant prices",7.79,4.9,5.8,6.68,5.15,6.6,6.1,4.21,1.61,1.92,0.61,0.92,-4.36,-4.46,-3.18,-3.92,3.28,0.82,4.59,3.79,4.64,5.27,1.65,4.27,4.67,4.68,4.36,4.95,5.51,0.61,2.5,n.a.,n.a.
"World Economic Outlook, May 2001",Annual percent change,W963NGDP_R%,BOSNIA AND HERCEGOVINIA,"Gross domestic product, constant prices",n.a.,n.a.,n.a.,n.a.,n.a.,n.a.,n.a.,n.a.,n.a.,n.a.,n.a.,n.a.,n.a.,n.a.,n.a.,n.a.,n.a.,n.a.,n.a.,n.a.,n.a.,n.a.,n.a.,n.a.,n.a.,32.4,85.8,39.9,12.8,8.6,13.7,n.a.,n.a.
"World Economic Outlook, May 2001",Annual percent change,W616NGDP_R%,BOTSWANA,"Gross domestic product, constant prices",14.86,17.25,29.77,24.77,10.33,8.52,15.9,10.52,14.51,12.99,11.74,8.44,11.9,13.61,9.08,7.21,7.97,11.66,18.92,13.19,7.13,7.42,3,2.04,3.41,4.66,6.84,7.55,6.15,7.28,8.48,n.a.,n.a.
"World Economic Outlook, May 2001",Annual percent change,W223NGDP_R%,BRAZIL,"Gross domestic product, constant prices",2.62,12.24,10.91,13.52,9.75,4.17,9.78,4.61,4.97,6.81,9.19,-4.4,0.6,-3.4,5.31,7.9,7.6,3.6,0.26,3.2,-4.3,1.03,-0.54,4.92,5.85,4.22,2.66,3.27,0.22,0.79,4.2,4.5,4.5
"World Economic Outlook, May 2001",Annual percent change,W918NGDP_R%,BULGARIA,"Gross domestic product, constant prices",7,6.9,7.7,8.1,7.6,8.8,6.5,6.3,5.6,6.6,5.7,5.3,4.2,3,4.6,1.8,5.3,4.7,2.4,-0.5,-9.1,-11.7,-7.3,-1.5,1.72,2.18,-10.88,-6.9,3.5,2.4,5,5,5
"World Economic Outlook, May 2001",Annual percent change,W748NGDP_R%,BURKINA FASO,"Gross domestic product, constant prices",9.76,1.01,-21.53,-5.34,8.11,-1.01,-0.65,-1.67,9.51,0.52,4.03,2,1.4,-1.31,1.64,11.31,8.56,-1.42,6.63,0.91,-1.49,9.95,2.48,-0.79,1.2,3.97,5.98,4.75,6.17,5.79,4.03,n.a.,n.a.
"World Economic Outlook, May 2001",Annual percent change,W618NGDP_R%,BURUNDI,"Gross domestic product, constant prices",9.76,17.54,-10.79,7.18,-0.83,1.01,7.87,12.38,1.23,1.35,-6.83,12.16,-1.05,3.72,0.16,11.78,3.25,5.5,5.03,1.35,3.5,5,0.7,-5.89,-3.68,-7.28,-8.36,0.38,4.48,-0.78,0.05,n.a.,n.a.
"World Economic Outlook, May 2001",Annual percent change,W522NGDP_R%,CAMBODIA,"Gross domestic product, constant prices",n.a.,n.a.,n.a.,n.a.,n.a.,n.a.,n.a.,n.a.,n.a.,n.a.,n.a.,n.a.,n.a.,n.a.,n.a.,n.a.,n.a.,12.99,9.62,3.33,1.12,7.59,7.07,4.04,3.92,6.66,5.51,3.69,1.81,4.97,4,n.a.,n.a.
"World Economic Outlook, May 2001",Annual percent change,W622NGDP_R%,CAMEROON,"Gross domestic product, constant prices",7.87,-8.22,17.07,1.46,4.45,5.15,1.92,5.67,5,5.99,9.9,17.05,7.56,6.84,7.47,8.11,6.79,-2.15,-7.86,-1.77,-6.16,-3.76,-3.05,-3.16,-2.49,3.3,5,5.1,5.05,4.4,4.15,5.4,5.65
"World Economic Outlook, May 2001",Annual percent change,W156NGDP_R%,CANADA,"Gross domestic product, constant prices",2.59,5.76,5.73,7.71,4.4,2.22,5.49,3.46,4.08,4.2,1.38,3.05,-2.94,2.75,5.67,5.4,2.64,4.1,4.86,2.54,0.27,-1.87,0.91,2.3,4.73,2.77,1.54,4.37,3.31,4.54,4.68,2.27,2.45
"World Economic Outlook, May 2001",Annual percent change,W624NGDP_R%,CAPE VERDE,"Gross domestic product, constant prices",3.8,5.37,2.32,1.6,2.36,-16.9,2.08,-4.98,9.67,3.2,5.26,-1.45,-0.31,0.7,-1.04,2.95,12.09,4.05,6.43,3.88,-6.83,-1.21,-6.26,12.7,11.47,3.83,3.76,4.72,7.58,7.89,6.66,n.a.,n.a.
"World Economic Outlook, May 2001",Annual percent change,W626NGDP_R%,CENTRAL AFRICAN REP.,"Gross domestic product, constant prices",2.03,1.84,1.35,1.86,6.2,0.34,4.99,5.67,4.44,2.48,-3,12.95,-3.57,-6.03,9.91,3.73,7.06,-8.55,0.69,4.91,0.96,2.42,-7.65,2.69,2.25,8,-4.65,4.53,5.23,3.6,3.25,n.a.,n.a.
"World Economic Outlook, May 2001",Annual percent change,W628NGDP_R%,CHAD,"Gross domestic product, constant prices",9.76,4.28,2.21,7.32,3.04,6.58,0.29,1.54,-0.49,-21.43,-6.01,-5.1,5.38,15.66,5.26,7.9,5.97,3.65,7.54,1.95,3.2,10.4,2.39,-2.07,5.7,1.3,2.4,4.5,6.7,0.5,0.6,n.a.,n.a.
"World Economic Outlook, May 2001",Annual percent change,W228NGDP_R%,CHILE,"Gross domestic product, constant prices",1.37,8.96,-1.21,-5.57,0.97,-12.91,3.52,9.86,8.22,8.28,7.78,6.68,-13.42,-3.49,6.09,3.48,5.6,6.59,7.31,10.56,3.7,7.97,12.28,6.99,5.71,10.63,7.41,7.39,3.92,-1.14,5.38,4.82,5.5
"World Economic Outlook, May 2001",Annual percent change,W924NGDP_R%,"CHINA,P.R.: MAINLAND","Gross domestic product, constant prices",16.19,6.9,4.6,12.81,4,6.81,-2.68,8,7.68,6.96,7.91,5.2,9.1,10.9,15.2,13.5,8.8,11.6,11.3,4.1,3.8,9.2,14.2,13.5,12.6,10.5,9.6,8.8,7.8,7.1,8,7,7.1
"World Economic Outlook, May 2001",Annual percent change,W532NGDP_R%,"CHINA,P.R.:HONG KONG","Gross domestic product, constant prices",9.4,7.3,11,12.7,2.2,0.2,17.1,12.5,9.5,11.65,10.92,9.48,2.77,5.68,9.97,1.23,9.89,12.96,7.97,2.56,3.4,5.06,6.26,6.13,5.4,3.89,4.49,4.97,-5.3,3.06,10.45,3.46,4.79
"World Economic Outlook, May 2001",Annual percent change,W233NGDP_R%,COLOMBIA,"Gross domestic product, constant prices",9.3,5.96,7.67,6.72,5.75,2.32,4.73,4.16,8.85,4.91,4.43,2.43,0.95,1.57,3.35,3.11,5.82,5.37,4.06,3.41,4.28,2,4.04,5.38,5.83,5.2,2.06,3.43,0.48,-4.29,2.8,3.2,3.8
"World Economic Outlook, May 2001",Annual percent change,W632NGDP_R%,COMOROS,"Gross domestic product, constant prices",9.76,4.28,2.21,7.32,3.04,6.58,0.29,3.97,3.04,9.57,7.38,5.5,4.1,3.1,4.2,0.79,0.16,1.64,2.69,-3.18,5.09,-5.4,8.53,3.01,-5.28,-3.87,-1.17,0.33,-1.22,-0.43,1.67,n.a.,n.a.
"World Economic Outlook, May 2001",Annual percent change,W636NGDP_R%,"CONGO, DEM. REP. OF","Gross domestic product, constant prices",9.63,6,0.15,8.14,3.13,-5.04,-5.25,0.76,-5.3,0.3,2.41,0.94,-0.45,1.41,4.84,0.46,4.72,2.67,0.46,-1.26,-6.57,-8.42,-10.47,-13.53,-3.87,0.7,0.9,-8.22,-3.51,-14.04,-4.92,n.a.,n.a.
"World Economic Outlook, May 2001",Annual percent change,W634NGDP_R%,"CONGO, REPUBLIC OF","Gross domestic product, constant prices",3.78,5.61,5.11,6.25,15.15,-3.28,-0.13,-5.33,7.41,11.26,12.68,2.43,2.41,2.39,2.38,2.36,2.34,2.33,21.91,21.27,1,2.4,2.61,-0.98,-5.49,3.99,4.29,-0.62,3.74,-3.01,4.47,n.a.,n.a.
"World Economic Outlook, May 2001",Annual percent change,W238NGDP_R%,COSTA RICA,"Gross domestic product, constant prices",7.5,6.78,8.18,7.71,5.54,2.1,5.52,8.9,6.27,4.9,0.8,0.8,-6.99,2.86,8.02,0.72,5.54,4.76,3.43,5.67,3.55,0.6,9,6.34,4.9,4,0.3,5.8,8,8.4,4.5,n.a.,n.a.
"World Economic Outlook, May 2001",Annual percent change,W662NGDP_R%,COTE D IVOIRE,"Gross domestic product, constant prices",5.88,6.4,4.67,3.93,5.66,9.22,11.99,4.71,9.9,1.99,5.2,3.5,0.2,-2.5,-2,3.62,4.68,-0.35,1.14,2.95,-1.09,0.04,-0.25,-0.18,1.97,7.08,6.89,6.17,5.8,1.56,-1.95,0.25,3.64
"World Economic Outlook, May 2001",Annual percent change,W960NGDP_R%,CROATIA,"Gross domestic product, constant prices",n.a.,n.a.,n.a.,n.a.,n.a.,n.a.,n.a.,n.a.,n.a.,n.a.,n.a.,n.a.,n.a.,n.a.,n.a.,n.a.,n.a.,n.a.,n.a.,n.a.,n.a.,n.a.,n.a.,-8.03,5.87,6.8,6,6.6,2.5,-0.4,3.5,n.a.,n.a.
"World Economic Outlook, May 2001",Annual percent change,W423NGDP_R%,CYPRUS,"Gross domestic product, constant prices",3.08,12.73,6.77,3.63,-16.91,-19.01,16.85,15.77,7.77,9.91,5.75,2.52,6.02,5.58,8.77,4.73,3.81,7.04,8.32,7.97,7.28,0.4,9.74,0.67,5.87,6.1,1.9,2.4,4.97,4.5,5,4.5,4
"World Economic Outlook, May 2001",Annual percent change,W935NGDP_R%,CZECH REPUBLIC,"Gross domestic product, constant prices",n.a.,n.a.,n.a.,n.a.,n.a.,n.a.,n.a.,n.a.,n.a.,n.a.,n.a.,n.a.,n.a.,n.a.,n.a.,n.a.,n.a.,n.a.,n.a.,n.a.,n.a.,n.a.,n.a.,0.06,2.22,5.95,4.82,-1.03,-2.2,-0.8,3.1,3,3.5
"World Economic Outlook, May 2001",Annual percent change,W128NGDP_R%,DENMARK,"Gross domestic product, constant prices",2.27,2.7,5.26,3.61,-0.92,-0.66,6.45,1.62,1.47,3.54,-0.44,-0.89,3.02,2.52,4.39,4.29,3.64,0.29,1.16,0.15,0.97,1.11,0.61,0,5.47,2.75,2.52,2.97,2.75,2.13,2.95,2.09,2.29
"World Economic Outlook, May 2001",Annual percent change,W611NGDP_R%,DJIBOUTI,"Gross domestic product, constant prices",6.22,10.52,-3.54,18.38,0,4.25,8.46,-12.72,5.7,4,3.4,2.9,1.69,1.24,0.56,-0.2,-1.19,0.49,1.2,-2.6,5.84,-4.28,0.01,-6.66,-0.94,-3.49,-4.12,-0.75,0.1,2.18,0.73,n.a.,n.a.
"World Economic Outlook, May 2001",Annual percent change,W321NGDP_R%,DOMINICA,"Gross domestic product, constant prices",4.39,7.34,7.48,8.3,6.77,2.9,4.86,3.43,12.5,-16.98,28.63,12.09,4.36,3.19,5.43,1.28,7.08,7.52,8.56,-0.24,5.25,0.67,2.12,1.7,1.4,2.3,2.1,0.6,4.8,3.5,3.5,n.a.,n.a.
"World Economic Outlook, May 2001",Annual percent change,W243NGDP_R%,DOMINICAN REPUBLIC,"Gross domestic product, constant prices",8.52,10.87,10.39,12.9,6,5.19,6.73,4.98,2.14,4.53,7.97,4.28,1.7,4.63,1.25,-2.12,3.52,10.12,2.16,4.4,-5.45,0.95,7.99,2.94,4.34,4.65,7.17,8.3,7.28,7.97,7.75,6.5,6.4
"World Economic Outlook, May 2001",Annual percent change,W248NGDP_R%,ECUADOR,"Gross domestic product, constant prices",6.46,6.26,14.42,22.84,6.36,5.59,9.29,6.54,6.54,5.31,4.9,3.93,1.24,-2.83,4.17,4.39,3.1,-5.9,10.36,0.28,3.01,5,3.6,2,4.35,2.34,1.98,3.38,0.41,-7.27,2.3,3.4,3
"World Economic Outlook, May 2001",Annual percent change,W469NGDP_R%,EGYPT,"Gross domestic product, constant prices",1.8,4.91,3.9,-1.3,5.1,14.3,7.18,9.12,8.6,2.29,3.35,2.21,7.31,8.9,8,7.4,4.8,5.85,4.03,2.95,-8.08,2.13,0.33,2.5,3.94,4.66,4.95,5.29,5.67,6.05,5.13,4.46,5.31
"World Economic Outlook, May 2001",Annual percent change,W253NGDP_R%,EL SALVADOR,"Gross domestic product, constant prices",2.98,4.81,5.46,5.06,6.42,5.56,3.97,6.07,6.4,-1.91,-8.62,-8.3,-5.59,0.77,2.26,2.01,0.63,2.42,2.07,0.87,4.89,3.56,7.41,7.39,6,6.4,1.8,4.26,3.16,1.97,2.99,n.a.,n.a.
"World Economic Outlook, May 2001",Annual percent change,W642NGDP_R%,EQUATORIAL GUINEA,"Gross domestic product, constant prices",9.76,4.28,2.21,7.32,3.04,6.58,0.29,7.32,-5,-4.99,4.84,5.77,2.2,5,1.01,1.99,-2.33,4.44,2.66,-1.23,3.26,5.96,17.56,6.72,59.28,10.01,63.68,73.95,30.02,10.06,48.17,n.a.,n.a.
"World Economic Outlook, May 2001",Annual percent change,W643NGDP_R%,ERITREA,"Gross domestic product, constant prices",n.a.,n.a.,n.a.,n.a.,n.a.,n.a.,n.a.,n.a.,n.a.,n.a.,n.a.,n.a.,n.a.,n.a.,n.a.,n.a.,n.a.,n.a.,n.a.,n.a.,n.a.,n.a.,n.a.,-2.54,9.8,2.95,6.75,7.87,3.9,0.82,-8.98,n.a.,n.a.
"World Economic Outlook, May 2001",Annual percent change,W939NGDP_R%,ESTONIA,"Gross domestic product, constant prices",n.a.,n.a.,n.a.,n.a.,n.a.,n.a.,n.a.,n.a.,n.a.,n.a.,n.a.,n.a.,n.a.,n.a.,n.a.,n.a.,n.a.,n.a.,n.a.,n.a.,n.a.,-7.91,-21.64,-8.2,-2,4.29,3.91,10.62,4.72,-1.08,6.4,5.5,5.5
"World Economic Outlook, May 2001",Annual percent change,W644NGDP_R%,ETHIOPIA,"Gross domestic product, constant prices",3.6,4.49,4.77,2.7,1.44,0.1,2.31,0.6,-1.13,7.24,4,0.12,0.78,7.4,-2.92,-11.48,11.74,6.51,0.14,1.8,-1.73,-7.03,1.91,6.48,3.89,8.46,7.77,1.83,2.39,3.01,4.65,n.a.,n.a.
"World Economic Outlook, May 2001",Annual percent change,W819NGDP_R%,FIJI,"Gross domestic product, constant prices",12.71,6.86,7.5,11.61,2.54,-0.05,1.77,-3.47,1.94,12.29,-1.69,6,-1.09,-4.21,10.11,-3.77,6.6,-7.19,3.46,13.88,3.18,1.45,4.81,3.48,4.15,2.39,3.27,3.62,4.01,4.52,4.95,n.a.,n.a.
"World Economic Outlook, May 2001",Annual percent change,W172NGDP_R%,FINLAND,"Gross domestic product, constant prices",7.83,2.09,7.62,6.72,3.03,1.15,0.27,0.34,2.33,6.77,5.12,2.14,3.14,2.74,3.42,3.1,2.49,4.22,4.73,5.14,0.03,-6.26,-3.32,-1.15,3.95,3.81,4.01,6.29,5.33,4.16,5.71,4.18,3.99
"World Economic Outlook, May 2001",Annual percent change,W132NGDP_R%,FRANCE,"Gross domestic product, constant prices",5.73,4.78,4.43,5.44,3.11,-0.28,4.24,3.22,3.35,3.24,3.13,1.11,2.51,1.09,1.59,1.58,2.23,2.52,4.19,4.3,2.6,1.01,1.29,-0.9,1.82,1.88,1.04,1.89,3.33,3.18,3.19,2.58,2.63
"World Economic Outlook, May 2001",Annual percent change,W646NGDP_R%,GABON,"Gross domestic product, constant prices",5.75,4.97,8.39,7.04,6.65,6.9,39.4,-20.7,-27.5,-0.7,0,-4,4.1,2,4.9,5.8,-2.1,-15.4,3.5,15.43,5.18,6.12,-3.09,3.95,3.71,4.97,3.63,5.74,3.48,-9.62,-2.92,n.a.,n.a.
"World Economic Outlook, May 2001",Annual percent change,W648NGDP_R%,"GAMBIA, THE","Gross domestic product, constant prices",-8.74,10.98,6.99,12.72,9.87,4.61,10.32,12.81,-5.35,18.8,0.71,-9.52,20.76,13.52,-7.62,3.65,2.36,2.8,1.7,4.33,5.7,2.16,4.42,1.76,3.84,-3.39,6.15,4.92,3.54,6.35,5.28,n.a.,n.a.
"World Economic Outlook, May 2001",Annual percent change,W915NGDP_R%,GEORGIA,"Gross domestic product, constant prices",n.a.,n.a.,n.a.,n.a.,n.a.,n.a.,n.a.,n.a.,n.a.,n.a.,n.a.,n.a.,n.a.,n.a.,n.a.,n.a.,n.a.,n.a.,n.a.,n.a.,n.a.,-21.1,-44.9,-29.3,-10.4,2.6,10.5,10.7,2.9,2.9,1.5,3.8,5
"World Economic Outlook, May 2001",Annual percent change,W134NGDP_R%,GERMANY,"Gross domestic product, constant prices",5.04,3.06,4.25,4.76,0.2,-1.25,5.32,2.85,3,4.22,0.98,0.1,-0.94,1.76,2.81,2.03,2.35,1.48,3.72,3.62,5.74,5.01,2.24,-1.09,2.35,1.73,0.77,1.4,2.05,1.56,2.95,1.85,2.59
"World Economic Outlook, May 2001",Annual percent change,W652NGDP_R%,GHANA,"Gross domestic product, constant prices",6.76,1.93,-2.92,2.85,10.12,-11.86,-3.54,2.28,8.48,-2.51,0.45,-2.08,-7.65,-0.43,2.99,5.36,4.79,4.99,5.56,5.09,3.36,5.35,3.87,5.02,3.28,4.02,4.6,4.2,4.69,4.4,3.7,4.96,5.5
"World Economic Outlook, May 2001",Annual percent change,W174NGDP_R%,GREECE,"Gross domestic product, constant prices",7.95,7.13,8.87,7.31,-3.64,6.07,6.35,3.44,6.68,3.7,1.74,0.06,-0.53,0.78,2.75,3.12,1.62,-0.46,5.36,3.8,0,3.1,0.7,-1.6,2,2.1,2.4,3.5,3.1,3.4,3.98,3.83,3.84
"World Economic Outlook, May 2001",Annual percent change,W328NGDP_R%,GRENADA,"Gross domestic product, constant prices",4.39,7.34,7.48,8.3,6.77,2.9,9.03,5.7,8.12,2.39,-0.53,1.49,4.29,7.05,6.65,7.18,3.5,7.74,6.85,5.8,5.2,3.6,1.1,-1.2,3.3,3.1,2.86,4.2,5.8,6.15,7.01,n.a.,n.a.
"World Economic Outlook, May 2001",Annual percent change,W258NGDP_R%,GUATEMALA,"Gross domestic product, constant prices",5.71,5.58,7.33,6.78,6.38,1.95,7.39,7.81,5,4.71,3.7,0.64,-3.54,-2.53,0.51,-0.6,0.1,3.58,3.89,3.94,3.1,3.66,4.84,3.93,4.03,4.95,3,4.09,5.1,3.5,3.6,3,2.9
"World Economic Outlook, May 2001",Annual percent change,W656NGDP_R%,GUINEA,"Gross domestic product, constant prices",3.8,5.37,2.32,1.57,5.25,2.88,7.92,-3.35,6.8,-1.21,2.6,0.6,1.8,1.3,1.4,5,3.11,3.3,6.31,4,4.34,5.69,3.25,5.01,3.98,4.67,5.04,4.81,4.53,3.31,4.48,n.a.,n.a.
"World Economic Outlook, May 2001",Annual percent change,W654NGDP_R%,GUINEA-BISSAU,"Gross domestic product, constant prices",3.8,5.37,2.31,1.58,5.68,5.37,4.9,-7.2,37,-1.52,15.98,-0.5,4.2,-3.4,5.5,4.3,-1,5.6,1.96,2.93,4.58,5.1,1.05,2.05,3.15,4.41,4.6,5.49,-28.07,7.79,9.33,n.a.,n.a.
"World Economic Outlook, May 2001",Annual percent change,W336NGDP_R%,GUYANA,"Gross domestic product, constant prices",3.42,2.82,-1.97,1.72,6.99,10.42,2.93,-4.78,-2.8,-1.6,1.6,-0.3,-10.6,-9.3,2.1,2,-0.9,0.9,-0.27,-4.94,-3.04,6,7.82,8.18,8.53,5.03,7.93,6.2,-1.7,2.98,2.47,n.a.,n.a.
"World Economic Outlook, May 2001",Annual percent change,W263NGDP_R%,HAITI,"Gross domestic product, constant prices",0.65,6.48,0.92,4.78,5.81,1.1,8.44,0.48,4.87,7.6,7.34,-3.03,-3.72,0.22,0.64,0.89,-0.18,-0.75,0.58,0.53,0.18,4.75,-13.19,-2.43,-8.28,4.44,2.69,1.15,3,2,2,n.a.,n.a.
"World Economic Outlook, May 2001",Annual percent change,W268NGDP_R%,HONDURAS,"Gross domestic product, constant prices",6.24,2.35,6.22,4.67,-0.13,-3,10.5,10.38,8.3,6.3,0.73,2.54,-1.34,-0.94,4.35,4.17,0.72,6.07,4.54,4.33,0.1,3.25,5.62,6.23,-1.3,4.08,3.63,5.05,2.94,-1.89,6.18,n.a.,n.a.
"World Economic Outlook, May 2001",Annual percent change,W944NGDP_R%,HUNGARY,"Gross domestic product, constant prices",15.98,6.23,6.13,6.86,5.87,6.2,3.57,7.64,4.45,2.68,0.21,2.87,2.84,0.72,2.66,-0.25,1.53,4.05,-0.07,0.74,-3.5,-11.89,-3.06,-0.58,2.9,1.54,1.34,4.57,4.86,4.5,5.32,4.9,4.7
"World Economic Outlook, May 2001",Annual percent change,W176NGDP_R%,ICELAND,"Gross domestic product, constant prices",7.6,13.07,5.78,5.78,6.32,0.91,6.08,8.91,6.97,10.11,5.75,4.27,2.15,-2.15,4.13,3.29,6.27,8.55,-0.09,0.26,1.17,0.7,-3.28,0.62,4.49,0.1,5.17,4.73,4.52,4.07,3.58,1.89,2.13
"World Economic Outlook, May 2001",Annual percent change,W534NGDP_R%,INDIA,"Gross domestic product, constant prices",5.78,2.32,-0.72,3.59,0.16,9.75,1.54,5.86,5.93,-2.5,3.59,6.55,4.44,6.54,4.57,5.03,5.01,4.79,8.68,7.35,5.89,1.67,4.18,4.98,6.74,7.58,7.12,4.94,6.05,6.55,6.37,5.6,6.09
"World Economic Outlook, May 2001",Annual percent change,W536NGDP_R%,INDONESIA,"Gross domestic product, constant prices",6.49,7,9.42,11.31,7.63,4.98,6.89,8.9,8.51,5.46,7.91,7.37,-0.33,3.36,6.74,2.47,5.95,4.9,5.78,9.08,9,8.93,7.22,7.25,7.54,8.22,7.98,4.54,-13.13,0.85,4.77,3.47,4.59
"World Economic Outlook, May 2001",Annual percent change,W429NGDP_R%,"IRAN, I.R. OF","Gross domestic product, constant prices",9.37,12.58,16.88,11.75,7.8,2.9,10.66,3.62,-3.34,-18.45,-14.93,7.89,14.4,10.3,3.33,4.19,-9.35,-2.18,-9.74,4.46,11.24,10.6,6.14,2.1,0.89,2.88,5.52,3.39,2.24,2.52,3.64,3.97,4.55
"World Economic Outlook, May 2001",Annual percent change,W178NGDP_R%,IRELAND,"Gross domestic product, constant prices",3.3,4.55,6.27,6.44,3.14,-5.16,1.35,8.12,7.13,3.3,2.5,2.95,1.23,-0.39,3.56,2.9,3.71,4.11,4.08,6.1,7.94,1.93,3.34,2.69,5.76,9.73,7.69,10.74,8.56,9.82,10.69,7.04,6.21
"World Economic Outlook, May 2001",Annual percent change,W436NGDP_R%,ISRAEL,"Gross domestic product, constant prices",8,11.11,11.9,5.11,4.05,3.5,1.42,1.02,3.66,4.84,3.17,4.28,1.01,2.64,2.28,4.44,3.56,6.24,3.49,1.36,5.73,7.09,6.98,3.7,7.08,6.47,5.05,3.3,2.45,2.31,6,1.81,4.32
"World Economic Outlook, May 2001",Annual percent change,W136NGDP_R%,ITALY,"Gross domestic product, constant prices",5.31,1.6,2.7,7.11,5.43,-2.65,6.58,3.38,3.68,5.99,4.24,0.55,-0.07,1.24,2.76,2.97,2.53,2.98,3.95,2.87,1.97,1.39,0.76,-0.88,2.21,2.92,1.09,2.03,1.81,1.61,2.91,1.99,2.5
"World Economic Outlook, May 2001",Annual percent change,W343NGDP_R%,JAMAICA,"Gross domestic product, constant prices",11.9,3.14,9.25,1.44,-4.62,1.51,-4.75,-0.6,2.37,-0.03,-4.04,4.42,3.08,4.15,0.95,-0.9,7,7.7,-3.99,4.7,4.7,1.1,1.6,1.5,1,0.2,-1.5,-1.7,-0.45,0,1.5,n.a.,n.a.
"World Economic Outlook, May 2001",Annual percent change,W158NGDP_R%,JAPAN,"Gross domestic product, constant prices",10.28,4.39,8.41,8.03,-1.23,3.09,3.97,4.39,5.27,5.48,9.65,3.15,3.11,2.3,3.77,4.26,3.06,4.51,6.47,5.36,5.31,3.04,0.92,0.53,1.02,1.57,3.34,1.92,-1.06,0.79,1.69,0.6,1.47
"World Economic Outlook, May 2001",Annual percent change,W439NGDP_R%,JORDAN,"Gross domestic product, constant prices",-10.18,1.46,3.8,-5.4,-5.19,12.64,21.22,6.41,10.7,3.5,16.24,4.71,5.6,2.5,1.4,6.1,7.7,2.6,0.3,-13.45,88.58,1.82,16.07,5.59,4.97,6.39,2.1,3.06,2.94,3.06,3.97,3.02,4.46
"World Economic Outlook, May 2001",Annual percent change,W916NGDP_R%,KAZAKHSTAN,"Gross domestic product, constant prices",n.a.,n.a.,n.a.,n.a.,n.a.,n.a.,n.a.,n.a.,n.a.,n.a.,n.a.,n.a.,n.a.,n.a.,n.a.,n.a.,n.a.,n.a.,n.a.,n.a.,n.a.,-11,-5.3,-9.2,-12.6,-8.2,0.5,1.7,-1.92,2.8,9.44,5,5
"World Economic Outlook, May 2001",Annual percent change,W664NGDP_R%,KENYA,"Gross domestic product, constant prices",7.38,6.85,16.12,5.94,2.14,1.47,4.57,10.11,7.97,5.45,5.57,4.1,2.15,1.78,1.79,4.29,7.14,5.94,6.2,4.69,4.67,1.44,-0.8,0.35,2.63,4.43,4.14,2.1,2.08,1.98,-0.45,2.13,2.82
"World Economic Outlook, May 2001",Annual percent change,W826NGDP_R%,KIRIBATI,"Gross domestic product, constant prices",n.a.,n.a.,n.a.,n.a.,n.a.,n.a.,n.a.,n.a.,n.a.,n.a.,n.a.,-3.48,6.79,-0.71,5.02,-6.61,-1.22,-9.12,18.24,-8.56,2.13,6.92,-1.61,0.8,7.21,6.48,2.6,3.29,6.1,2.5,2,n.a.,n.a.
"World Economic Outlook, May 2001",Annual percent change,W542NGDP_R%,KOREA,"Gross domestic product, constant prices",8.76,8.49,4.82,12.8,8.07,6.64,11.76,10.01,9.01,7.06,-2.09,6.47,7.25,10.7,8.25,6.47,10.97,10.99,10.46,6.08,8.98,9.23,5.44,5.49,8.25,8.92,6.75,5.01,-6.69,10.89,8.81,3.5,5.49
"World Economic Outlook, May 2001",Annual percent change,W443NGDP_R%,KUWAIT,"Gross domestic product, constant prices",11.75,7.9,5.62,-2.88,-6.52,-1.72,11.72,3.46,5.91,8.24,-20.36,-18.92,-9.5,5.25,5.24,-4.26,8.57,8.14,-10.05,25.89,-26.23,-45.3,50.44,45.13,2.25,4.03,1.23,2.33,2.01,-2.44,3.58,1.94,1.97
"World Economic Outlook, May 2001",Annual percent change,W917NGDP_R%,KYRGYZ REPUBLIC,"Gross domestic product, constant prices",n.a.,n.a.,n.a.,n.a.,n.a.,n.a.,n.a.,n.a.,n.a.,n.a.,n.a.,n.a.,n.a.,n.a.,n.a.,n.a.,n.a.,n.a.,n.a.,n.a.,n.a.,-7.85,-13.88,-15.46,-19.8,-5.8,7.1,9.96,2.08,3.66,5.04,4.98,5.19
"World Economic Outlook, May 2001",Annual percent change,W544NGDP_R%,LAO PEOPLE'S DEM.REP,"Gross domestic product, constant prices",9.77,4.99,3.45,8.73,3.64,6.67,2.96,-1.99,1,-2,10,15.33,4.71,3,6.44,9.12,4.83,-0.96,-2.1,9.89,6.69,3.99,7.01,5.87,8.15,7.05,6.88,6.53,4,5,5.7,n.a.,n.a.
"World Economic Outlook, May 2001",Annual percent change,W941NGDP_R%,LATVIA,"Gross domestic product, constant prices",n.a.,n.a.,n.a.,n.a.,n.a.,n.a.,n.a.,n.a.,n.a.,n.a.,n.a.,n.a.,n.a.,n.a.,n.a.,n.a.,n.a.,n.a.,n.a.,n.a.,n.a.,-11.1,-35.2,-14.9,0.6,-0.8,3.29,8.61,3.88,1.1,5.5,6,6
"World Economic Outlook, May 2001",Annual percent change,W446NGDP_R%,LEBANON,"Gross domestic product, constant prices",6.59,9.23,12.15,4.71,2.4,-30.3,-56.99,67.7,-2.6,2.39,1.47,0.55,-36.79,22.71,44.48,24.3,-6.77,16.73,-28.21,-42.2,-13.42,38.2,4.5,7,8,6.5,4,4,3.55,1.04,0,n.a.,n.a.
"World Economic Outlook, May 2001",Annual percent change,W666NGDP_R%,LESOTHO,"Gross domestic product, constant prices",9.9,7.51,4.87,4.61,6.27,2.09,5.63,-30.43,24.65,-6.41,4.35,1.32,0.98,0.74,8.74,3.66,1.62,5.67,10.86,7.45,5.57,4.07,4.57,3.69,3.71,5.93,9.47,4.57,-3.59,2.1,2.43,n.a.,n.a.
"World Economic Outlook, May 2001",Annual percent change,W672NGDP_R%,LIBYA,"Gross domestic product, constant prices",3.86,-5.27,9.11,1.95,22.2,4.03,22.65,8.88,3.87,4.22,-3.81,-12.96,-8.91,3.6,3.59,1.03,-4.44,-1.13,5.96,-1.14,3.45,0.08,-4.93,-9.71,-2.7,0.86,5.2,-1.22,2.9,2.53,3,n.a.,n.a.
"World Economic Outlook, May 2001",Annual percent change,W946NGDP_R%,LITHUANIA,"Gross domestic product, constant prices",n.a.,n.a.,n.a.,n.a.,n.a.,n.a.,n.a.,n.a.,n.a.,n.a.,n.a.,n.a.,n.a.,n.a.,n.a.,n.a.,n.a.,n.a.,n.a.,n.a.,n.a.,-5.7,-21.3,-16.2,-9.77,3.29,4.71,7.28,5.11,-4.2,2.7,3.2,3.8
"World Economic Outlook, May 2001",Annual percent change,W137NGDP_R%,LUXEMBOURG,"Gross domestic product, constant prices",7.6,3.54,5.47,5.64,4.3,-1.53,5.79,0.35,5.45,4.9,4.21,0.8,1.04,1.89,4.73,3.16,7.53,3.75,10.2,9.85,3.39,5.35,5.82,8.49,4.08,3.5,2.89,7.26,5.02,7.29,8.47,4.24,4.29
"World Economic Outlook, May 2001",Annual percent change,W962NGDP_R%,"MACEDONIA, FYR","Gross domestic product, constant prices",n.a.,n.a.,n.a.,n.a.,n.a.,n.a.,n.a.,n.a.,n.a.,n.a.,n.a.,n.a.,n.a.,n.a.,n.a.,n.a.,n.a.,n.a.,n.a.,n.a.,n.a.,n.a.,n.a.,-7.5,-1.8,-1.1,1.19,1.44,2.94,2.67,6,n.a.,n.a.
"World Economic Outlook, May 2001",Annual percent change,W674NGDP_R%,MADAGASCAR,"Gross domestic product, constant prices",4.14,2.19,-3.21,-2.02,1.62,1.29,-3.99,2.38,-2.47,9.92,0.79,-9.8,-1.9,0.9,1.7,1.2,1.97,1.19,3.39,4.08,3.14,-6.31,1.18,2.1,-0.04,1.68,2.15,3.69,3.93,4.66,4.76,n.a.,n.a.
"World Economic Outlook, May 2001",Annual percent change,W676NGDP_R%,MALAWI,"Gross domestic product, constant prices",1.5,14.36,0.17,1.61,7.44,5.53,6.22,4.34,9.73,4.37,0.39,-5.24,2.52,3.69,5.37,4.57,-0.21,1.63,3.18,1.34,5.69,8.73,-7.33,9.69,-10.31,16.73,7.32,3.79,2,4,3.2,n.a.,n.a.
"World Economic Outlook, May 2001",Annual percent change,W548NGDP_R%,MALAYSIA,"Gross domestic product, constant prices",4.95,7.08,9.39,11.7,8.32,0.8,11.56,7.75,6.65,9.35,7.44,6.94,5.94,6.25,7.76,-0.88,1.15,5.39,9.94,9.06,9.01,9.55,8.89,9.89,9.21,9.83,10,7.32,-7.37,5.81,8.54,4.5,6
"World Economic Outlook, May 2001",Annual percent change,W556NGDP_R%,MALDIVES,"Gross domestic product, constant prices",3.84,5.25,2.4,1.56,5.74,-8.01,0.62,-1.4,1.38,7.52,18.8,7.89,7.47,4.41,17.38,13.8,8.6,8.87,8.72,9.29,16.21,7.63,6.29,6.16,6.59,7.16,7.88,9.13,9.1,8.55,7.58,n.a.,n.a.
"World Economic Outlook, May 2001",Annual percent change,W678NGDP_R%,MALI,"Gross domestic product, constant prices",13.21,-4.63,-7.18,15.06,-1.82,-0.93,0.93,0.93,3.01,6.17,-1.2,-4.96,-4.11,5.45,4.1,2.11,8.59,2,-0.32,11.94,0.42,-0.54,8.44,-4.67,2.63,6.97,4.27,6.72,4.95,6.65,4.35,n.a.,n.a.
"World Economic Outlook, May 2001",Annual percent change,W181NGDP_R%,MALTA,"Gross domestic product, constant prices",12.66,2.46,5.81,9.79,10.03,19.56,17.02,12.2,2.02,10.49,7.05,2.7,0.1,2.6,0.8,2.4,3.8,5.7,6.8,6.74,5.91,5.94,6.73,4.03,4.98,7.28,3.2,3.73,3.05,3.47,3.15,4.32,3.29
"World Economic Outlook, May 2001",Annual percent change,W682NGDP_R%,MAURITANIA,"Gross domestic product, constant prices",9.91,7.5,4.89,4.6,6.27,2.07,5.63,-3.63,-4.4,7.7,4.26,3.73,-2.15,4.94,26.67,2.01,5.83,2.9,3.13,2.23,-1.77,2.61,1.7,5.48,4.61,4.65,5.5,3.16,3.69,4.09,5.25,n.a.,n.a.
"World Economic Outlook, May 2001",Annual percent change,W684NGDP_R%,MAURITIUS,"Gross domestic product, constant prices",-0.85,4.47,8.03,11.84,8.02,1.26,22.13,6.55,5.05,5.01,2.79,-7.06,5.28,5.9,0.97,4.83,8.81,11.16,8.67,5.82,4.9,6.38,4.88,6.71,4.54,3.75,5.22,5.8,6.04,5.87,3.58,n.a.,n.a.
"World Economic Outlook, May 2001",Annual percent change,W273NGDP_R%,MEXICO,"Gross domestic product, constant prices",6.92,4.16,8.49,8.4,6.12,5.74,4.42,3.39,8.96,9.7,9.23,8.77,-0.06,-4.2,3.61,2.59,-3.68,1.74,1.28,4.2,5.07,4.22,3.63,1.95,4.42,-6.17,5.15,6.77,4.95,3.78,6.92,3.5,4.7
"World Economic Outlook, May 2001",Annual percent change,W921NGDP_R%,MOLDOVA,"Gross domestic product, constant prices",n.a.,n.a.,n.a.,n.a.,n.a.,n.a.,n.a.,n.a.,n.a.,n.a.,n.a.,n.a.,n.a.,n.a.,n.a.,n.a.,n.a.,n.a.,n.a.,n.a.,n.a.,-17.5,-29.7,-1.09,-31.1,-1.43,-5.91,1.59,-6.54,-3.4,1.9,5,6
"World Economic Outlook, May 2001",Annual percent change,W948NGDP_R%,MONGOLIA,"Gross domestic product, constant prices",8.73,4.69,3.61,8.91,4.22,6.51,3.9,7.78,7.52,4.26,6.44,8.34,8.34,5.76,6.01,5.72,9.37,3.45,8.54,4.2,-5.62,-9.24,-9.5,-3,2.3,6.31,2.36,4.03,3.55,3.22,2.98,4,5
"World Economic Outlook, May 2001",Annual percent change,W686NGDP_R%,MOROCCO,"Gross domestic product, constant prices",5,5.82,2.1,3.82,14.3,4.33,7.22,3.95,5.36,4.97,3.79,-2.76,9.62,-0.56,4.34,6.32,8.3,-2.54,10.41,2.37,4.03,6.9,-4.03,-1.01,10.36,-6.58,12.22,-2.23,6.81,-0.7,0.79,7.8,3.3
"World Economic Outlook, May 2001",Annual percent change,W688NGDP_R%,MOZAMBIQUE,"Gross domestic product, constant prices",9.9,7.48,4.88,4.61,6.26,2.08,5.62,-0.18,1.07,3.07,4.68,5,-6.9,-15.7,-6.5,1,-2.3,14.7,8.2,6.5,1,4.9,-8.1,8.7,7.5,4.3,7.1,11.06,11.91,7.3,3.85,n.a.,n.a.
"World Economic Outlook, May 2001",Annual percent change,W518NGDP_R%,MYANMAR,"Gross domestic product, constant prices",1.26,2.44,-0.96,2.6,2.66,4.14,6.1,5.95,6.5,5.2,7.93,6.36,5.61,4.43,4.93,2.85,-1.06,-4.01,-11.35,3.69,2.82,-0.65,9.66,5.92,6.81,7.2,6.44,5.74,5.77,10.92,5.46,n.a.,n.a.
"World Economic Outlook, May 2001",Annual percent change,W728NGDP_R%,NAMIBIA,"Gross domestic product, constant prices",5.26,5.24,1.97,3.94,7.14,2.24,1.47,0.03,2.87,3.79,6.62,-10.12,-2.77,-2.12,-0.14,-0.6,5.12,3.62,0.45,1.57,-5.01,8.17,7.19,-1.59,6.24,3.24,2.1,2.56,3.04,2.93,3.48,n.a.,n.a.
"World Economic Outlook, May 2001",Annual percent change,W558NGDP_R%,NEPAL,"Gross domestic product, constant prices",2.58,-1.2,3.12,-0.48,6.34,0.93,4.4,3.02,0,2.4,-2.31,8.3,3.8,-3,4.64,-0.7,11.7,7.3,3.86,7.95,4.56,6.37,4.11,3.85,8.22,3.47,5.33,5.05,2.95,3.94,5.99,n.a.,n.a.
"World Economic Outlook, May 2001",Annual percent change,W138NGDP_R%,NETHERLANDS,"Gross domestic product, constant prices",5.7,4.2,3.3,4.7,4,-0.1,5.1,2.3,2.5,2.4,0.9,-0.5,-1.16,1.71,3.29,3.08,2.75,1.42,2.62,4.68,4.11,2.27,2.03,0.76,3.22,2.26,3.04,3.84,4.07,3.86,3.92,2.87,2.72
"World Economic Outlook, May 2001",Annual percent change,W353NGDP_R%,NETHERLANDS ANTILLES,"Gross domestic product, constant prices",6.22,6.48,4.69,4.05,5.48,2.66,6.29,7.1,6.7,4.8,7,1.18,-1.85,-0.54,-1.83,-2.1,-5.5,1.2,1.5,7.8,1.5,1.8,3.7,0.3,2.4,0,-2.4,3,3,3,3,n.a.,n.a.
"World Economic Outlook, May 2001",Annual percent change,W196NGDP_R%,NEW ZEALAND,"Gross domestic product, constant prices",4.43,2.74,3.98,7.25,4.19,4.3,-0.57,-2.15,0.72,-3.3,1.68,2.86,2.69,0.11,6.6,1.24,1.81,6.8,1.87,0.86,0,-1.66,0.74,5.2,5.84,4.3,3.61,2.2,-0.1,3.91,3.54,2.57,2.68
"World Economic Outlook, May 2001",Annual percent change,W278NGDP_R%,NICARAGUA,"Gross domestic product, constant prices",1.35,4.93,3.19,6.42,14.19,-0.16,5.21,8.41,-7.85,-26.48,4.61,5.36,-0.82,4.61,-1.57,-4.08,-1.02,-0.71,-12.45,-1.69,-0.13,-0.15,0.4,-0.2,3.3,4.2,4.97,4.88,4.19,6.7,5.86,n.a.,n.a.
"World Economic Outlook, May 2001",Annual percent change,W692NGDP_R%,NIGER,"Gross domestic product, constant prices",9.26,-3.4,-7.57,-10.89,6.25,20.5,15.29,3.48,8.33,13.59,4.89,-0.18,2.17,-3.86,-16.82,7.72,6.35,0.09,6.87,0.96,-1.31,2.49,-6.52,1.45,4,2.61,3.42,2.75,10.42,-0.57,3.02,n.a.,n.a.
"World Economic Outlook, May 2001",Annual percent change,W694NGDP_R%,NIGERIA,"Gross domestic product, constant prices",29.79,18.39,7.29,9.52,5.94,0.18,10.77,-6.71,-6.72,2.63,2.87,-8.39,-0.6,-4.94,5.8,10.49,-1.81,-3.99,9.4,8.46,7.48,6.01,2.64,2.2,-0.62,2.59,6.4,3.06,1.91,1.11,2.75,1.66,2.52
"World Economic Outlook, May 2001",Annual percent change,W142NGDP_R%,NORWAY,"Gross domestic product, constant prices",1.97,4.43,5.64,3.85,5.09,4.04,6.91,3.6,-4.83,4.43,4.95,0.96,0.17,3.54,5.87,5.22,3.58,2.03,-0.11,0.92,1.97,3.12,3.27,2.73,5.49,3.85,4.9,4.69,2,0.87,2.18,1.85,2.28
"World Economic Outlook, May 2001",Annual percent change,W449NGDP_R%,OMAN,"Gross domestic product, constant prices",3.32,1.02,9.23,-13.99,28.24,28.59,15.97,-2.36,-6.36,4.11,6.08,17.1,11.5,15.95,13.9,14.52,2.14,-3.99,5.25,2.98,8.38,6,8.53,6.14,3.85,4.83,2.89,6.18,2.71,-0.99,4.73,n.a.,n.a.
"World Economic Outlook, May 2001",Annual percent change,W564NGDP_R%,PAKISTAN,"Gross domestic product, constant prices",-2.4,0.7,0.41,6.92,5.55,4.5,4.61,3.8,6.65,7.37,7.04,6.47,6.27,5.47,6.35,6.51,6.01,7.06,6.23,4.7,4.96,6.21,4.62,2.74,4.36,4.91,2.89,1.79,2.62,4.33,5.09,4.4,5.01
"World Economic Outlook, May 2001",Annual percent change,W283NGDP_R%,PANAMA,"Gross domestic product, constant prices",6.96,9.62,4.58,5.36,2.45,1.74,1.66,1.09,9.79,4.51,12.58,9.21,5.35,-4.49,2.71,4.94,3.57,-1.81,-13.38,1.56,8.1,9.42,8.2,5.46,2.85,1.75,2.42,4.42,3.99,4.12,4.5,n.a.,n.a.
"World Economic Outlook, May 2001",Annual percent change,W853NGDP_R%,PAPUA NEW GUINEA,"Gross domestic product, constant prices",11.16,10.64,2.47,8.68,3.84,0.88,-1.63,-4.31,6.05,1.82,-2.32,1.53,0.83,3.59,-0.98,3.58,5.65,2.76,2.91,-1.42,-3,9.55,13.83,18.21,5.94,-3.31,7.73,-3.9,-3.77,3.15,-1.21,n.a.,n.a.
"World Economic Outlook, May 2001",Annual percent change,W288NGDP_R%,PARAGUAY,"Gross domestic product, constant prices",3.85,5.39,6.49,7.17,8.22,6.33,7.01,14,11.32,11.34,11.46,8.7,-0.98,-3.01,3.08,3.97,0.01,4.33,6.36,5.8,3.09,2.47,1.8,4.14,3.09,4.7,1.26,2.59,-0.42,0.48,0.8,n.a.,n.a.
"World Economic Outlook, May 2001",Annual percent change,W293NGDP_R%,PERU,"Gross domestic product, constant prices",5.85,4.18,2.87,5.38,9.25,3.19,1.76,0.2,0.08,5.59,4.71,5.5,0.03,-11.82,4.83,2.82,9.96,8.38,-8.79,-11.64,-3.75,2.9,-1.6,6.39,13.1,7.34,2.49,6.81,-0.4,1.4,3.6,2.5,5
"World Economic Outlook, May 2001",Annual percent change,W566NGDP_R%,PHILIPPINES,"Gross domestic product, constant prices",4.58,4.92,4.76,9.23,5,6.41,8.01,5.6,5.17,5.64,5.15,3.42,3.62,1.87,-7.32,-7.31,3.42,4.31,6.75,6.21,3.04,-0.58,0.34,2.12,4.39,4.68,5.85,5.19,-0.59,3.32,3.95,3.28,4.49
"World Economic Outlook, May 2001",Annual percent change,W964NGDP_R%,POLAND,"Gross domestic product, constant prices",6.07,7.42,4.68,4.18,7.11,5.94,7.93,7.09,5.4,3.85,-6,-10,-4.85,5.6,-0.5,3.86,3.49,2.3,3.29,3.81,-7.17,-7.01,2.03,4.29,5.24,6.82,5.95,6.78,4.84,4.09,4.1,4,4.5
"World Economic Outlook, May 2001",Annual percent change,W182NGDP_R%,PORTUGAL,"Gross domestic product, constant prices",9.29,6.61,8.04,11.16,1.15,-4.35,6.89,5.6,3.39,6.15,6.72,1.26,2.08,-0.2,-1.82,3,4.14,5.15,5.4,5.4,4.76,2.34,1.94,-1.41,2.43,2.95,3.4,3.7,4.2,2.83,3,2.4,2.8
"World Economic Outlook, May 2001",Annual percent change,W453NGDP_R%,QATAR,"Gross domestic product, constant prices",11.75,10.01,11.08,10.78,5.94,5.88,8.35,-7.31,8.86,5.23,-1.02,-3.89,-8.21,-5.33,15.99,-13.03,3.71,0.9,4.7,5.3,-14.64,-0.79,9.7,-0.58,2.35,2.94,4.82,24.04,12.27,7.59,12.89,n.a.,n.a.
"World Economic Outlook, May 2001",Annual percent change,W968NGDP_R%,ROMANIA,"Gross domestic product, constant prices",3.79,5.39,2.3,1.58,5.68,5.36,14.16,4.6,8,6.61,3.3,2.71,2.8,4.2,6.91,1.16,2.4,0.8,-0.5,-5.8,-5.61,-12.93,-8.77,1.53,3.93,7.14,3.95,-6.06,-5.42,-3.21,2,3,4
"World Economic Outlook, May 2001",Annual percent change,W922NGDP_R%,RUSSIA,"Gross domestic product, constant prices",n.a.,n.a.,n.a.,n.a.,n.a.,n.a.,n.a.,n.a.,n.a.,n.a.,n.a.,n.a.,n.a.,n.a.,n.a.,n.a.,n.a.,n.a.,n.a.,n.a.,n.a.,-5.54,-19.44,-10.41,-11.62,-4.16,-3.39,0.86,-4.87,3.24,7.5,4,4.01
"World Economic Outlook, May 2001",Annual percent change,W714NGDP_R%,RWANDA,"Gross domestic product, constant prices",10.99,1.24,0.24,3.41,0.71,1.99,1.84,5.19,9.8,9.4,-3.58,2.47,-2.47,6.04,12.97,4.39,5.5,-0.3,0.3,-5.71,0.42,-4.3,6.6,-8.29,-49.52,32.76,15.84,12.83,9.51,5.94,5.17,n.a.,n.a.
"World Economic Outlook, May 2001",Annual percent change,W862NGDP_R%,SAMOA,"Gross domestic product, constant prices",6.78,13.21,1.72,7.35,-10.62,-3.96,9.5,-1.01,16.88,10.81,-6.11,-9.03,-1.07,0.54,1.34,241.8,4.79,0.51,2.87,5.82,-6.44,-2.44,4.13,1.68,-0.14,6.82,6.13,1.6,1.25,2.5,3.5,n.a.,n.a.
"World Economic Outlook, May 2001",Annual percent change,W716NGDP_R%,SAO TOME & PRINCIPE,"Gross domestic product, constant prices",3.79,5.38,2.3,1.58,5.68,5.38,1.64,23.43,2.89,16.35,-1.08,-10.31,3.09,-3.87,-6.03,9.3,-5.83,-2.93,2,3.14,-2.15,1.2,0.7,1.1,2.2,2,1.5,1,2.5,2.5,3,n.a.,n.a.
"World Economic Outlook, May 2001",Annual percent change,W456NGDP_R%,SAUDI ARABIA,"Gross domestic product, constant prices",15.29,14.41,15.35,19.74,15.08,0.26,15.1,5.9,6.7,10.1,7.9,1.7,-10.79,-0.1,-2.15,-4.12,5.56,-1.38,7.56,0.18,10.66,8.39,2.79,-0.64,0.51,0.47,1.39,2.67,1.57,-1.01,4.13,4.83,3.04
"World Economic Outlook, May 2001",Annual percent change,W722NGDP_R%,SENEGAL,"Gross domestic product, constant prices",8.27,-0.12,6.43,-5.63,3.3,7.76,7.89,0.77,-6.24,9.64,-3.32,-1.81,14.34,1.36,-5.52,2.87,3.95,3.95,5.07,-1.4,3.88,-0.4,2.21,-2.22,2.87,5.16,5.14,5.04,5.66,5.13,5.55,n.a.,n.a.
"World Economic Outlook, May 2001",Annual percent change,W718NGDP_R%,SEYCHELLES,"Gross domestic product, constant prices",9.9,7.48,4.88,4.61,6.26,2.08,5.62,7.88,6.72,16.04,-2.25,-3.88,-2.07,-0.62,4.31,10.29,0.76,4.87,5.33,10.29,7.45,2.74,6.86,6.51,-0.8,-0.62,4.7,4.26,2.3,-3,1.2,n.a.,n.a.
"World Economic Outlook, May 2001",Annual percent change,W724NGDP_R%,SIERRA LEONE,"Gross domestic product, constant prices",6.44,13.76,-1.06,3.07,4.02,3.01,-3.04,1.44,1.61,4,-0.56,1.88,1.78,-1.58,1.7,-6.74,0.13,2.38,2.06,4.95,1.61,-7.99,-9.65,0.05,3.5,-10.02,-24.79,-17.6,-0.84,-8.12,3.81,n.a.,n.a.
"World Economic Outlook, May 2001",Annual percent change,W576NGDP_R%,SINGAPORE,"Gross domestic product, constant prices",13.72,12.51,13.43,11.53,6.35,4.09,8.38,7.76,8.59,9.27,7.01,9.61,6.88,8.18,8.32,-1.62,2.29,9.72,11.63,9.63,8.98,7.27,6.51,12.71,11.4,7.96,7.54,8.39,0.31,5.86,9.89,5.01,5.82
"World Economic Outlook, May 2001",Annual percent change,W936NGDP_R%,SLOVAK REPUBLIC,"Gross domestic product, constant prices",n.a.,n.a.,n.a.,n.a.,n.a.,n.a.,n.a.,n.a.,n.a.,n.a.,n.a.,n.a.,n.a.,n.a.,n.a.,n.a.,n.a.,n.a.,n.a.,n.a.,n.a.,n.a.,n.a.,-3.7,4.9,6.9,6.6,6.54,4.1,1.93,2.2,3.1,4.4
"World Economic Outlook, May 2001",Annual percent change,W961NGDP_R%,SLOVENIA,"Gross domestic product, constant prices",n.a.,n.a.,n.a.,n.a.,n.a.,n.a.,n.a.,n.a.,n.a.,n.a.,n.a.,n.a.,n.a.,n.a.,n.a.,n.a.,n.a.,n.a.,n.a.,n.a.,n.a.,n.a.,n.a.,2.84,5.33,4.11,3.53,4.56,3.79,5.21,4.87,4.5,4
"World Economic Outlook, May 2001",Annual percent change,W813NGDP_R%,SOLOMON ISLANDS,"Gross domestic product, constant prices",3.9,5.43,2.18,1.55,5.72,-10.7,14.59,7.37,7.12,18.07,-2.66,-1.8,-1.67,3.89,0.17,-3.13,-0.2,8.42,1.25,4.26,1,3,9.5,2.02,5.4,10.5,3.5,-2.3,0.5,-0.5,-1,n.a.,n.a.
"World Economic Outlook, May 2001",Annual percent change,W199NGDP_R%,SOUTH AFRICA,"Gross domestic product, constant prices",5.26,5.24,1.97,3.94,7.14,2.24,1.47,0.03,2.87,3.79,6.62,5.36,-0.38,-1.85,5.1,-1.21,0.02,2.1,4.2,2.39,-0.32,-1.02,-2.14,1.23,3.23,3.12,4.15,2.5,0.69,1.87,3.2,3.8,3.8
"World Economic Outlook, May 2001",Annual percent change,W184NGDP_R%,SPAIN,"Gross domestic product, constant prices",4.08,5,8.1,7.9,5.7,1.1,3,3.3,1.83,0.2,0.74,-0.13,1.25,1.77,1.78,2.32,3.25,5.55,5.09,4.83,3.78,2.54,0.93,-1.03,2.38,2.76,2.44,3.94,4.32,4.02,4.07,2.85,3.16
"World Economic Outlook, May 2001",Annual percent change,W524NGDP_R%,SRI LANKA,"Gross domestic product, constant prices",15.82,-0.06,7.83,3.52,3.95,4.69,4.44,3.82,6.2,6.08,5.44,5.8,5.1,5.05,5.1,5,4.36,1.5,2.7,2.3,6.2,4.6,4.3,6.9,5.6,5.5,3.8,6.45,4.7,4.3,6,n.a.,n.a.
"World Economic Outlook, May 2001",Annual percent change,W361NGDP_R%,ST. KITTS AND NEVIS,"Gross domestic product, constant prices",5.88,6.4,4.67,3.93,5.66,2.7,5.95,6.05,2.19,7.49,1.28,5.09,6.24,-1.02,8.99,5.54,6.18,7.36,9.81,6.73,3.05,0.39,3.31,6.66,5.11,3.67,6.54,6.77,1.14,2.84,2.61,n.a.,n.a.
"World Economic Outlook, May 2001",Annual percent change,W362NGDP_R%,ST. LUCIA,"Gross domestic product, constant prices",3.79,5.37,2.32,1.58,5.69,4.43,18.85,9,10.51,5.74,-0.51,4.78,2.15,4.24,6.66,9.07,14.87,1.94,12.16,9.07,4.07,2.34,7.06,2.04,2.15,4.1,1.4,2.11,2.88,3.15,4.07,n.a.,n.a.
"World Economic Outlook, May 2001",Annual percent change,W364NGDP_R%,ST. VINCENT & GRENS.,"Gross domestic product, constant prices",3.78,5.37,2.3,1.77,5.85,5.22,10.35,3.49,11.14,4.68,3.43,5.15,7.45,6.26,4.98,5.83,7.19,6.29,8.91,6.52,7.31,1.52,5.92,2.29,-2,8.28,1.17,3.13,5.75,3.98,3.53,n.a.,n.a.
"World Economic Outlook, May 2001",Annual percent change,W732NGDP_R%,SUDAN,"Gross domestic product, constant prices",-3.95,4.98,4.76,-7.08,12.53,6.48,15.75,5.68,-5.42,4.52,2.5,6.32,4.13,-1.51,-5.63,-0.62,9.93,6.46,4.36,1.42,0.96,7.02,-3.96,6.17,2.03,3.01,10.47,10.16,6.12,5.13,8.28,n.a.,n.a.
"World Economic Outlook, May 2001",Annual percent change,W366NGDP_R%,SURINAME,"Gross domestic product, constant prices",5.88,6.4,4.67,3.93,-7.17,10.08,16.52,11.25,12.8,-1.08,-6.85,3.15,-6.17,-4.57,-2.35,-0.16,-1.72,-7.34,8.54,4.05,0.05,2.9,4,-9.5,-5.4,7.1,6.7,5.6,1.9,5,2.9,n.a.,n.a.
"World Economic Outlook, May 2001",Annual percent change,W734NGDP_R%,SWAZILAND,"Gross domestic product, constant prices",5.88,6.4,4.67,3.93,5.66,2.7,5.95,3.94,13.19,-0.27,-6.26,14.62,1.15,1.15,6.24,3.76,12.35,14.63,6.6,9.14,8.92,2.44,1.28,3.26,3.46,3.04,3.58,4,2.72,3.1,3.49,n.a.,n.a.
"World Economic Outlook, May 2001",Annual percent change,W144NGDP_R%,SWEDEN,"Gross domestic product, constant prices",6.47,0.94,2.29,3.97,3.2,-2.17,1.7,-2.82,0.09,4.22,8.44,-0.01,1,1.75,4.05,1.93,2.29,3.15,2.25,2.4,1.36,-1.12,-1.42,-2.22,4.12,3.69,1.08,2.07,3.58,4.13,3.6,2.6,2.84
"World Economic Outlook, May 2001",Annual percent change,W146NGDP_R%,SWITZERLAND,"Gross domestic product, constant prices",6.43,4.28,3.46,3.16,1.18,-6.71,-0.84,2.36,0.59,2.44,5.31,1.58,-1.44,0.51,3.03,3.42,1.63,0.74,3.11,4.34,3.74,-0.8,-0.13,-0.48,0.53,0.5,0.32,1.72,2.33,1.54,3.43,1.96,1.98
"World Economic Outlook, May 2001",Annual percent change,W463NGDP_R%,SYRIAN ARAB REPUBLIC,"Gross domestic product, constant prices",-5.91,10.98,21.58,-2.98,19.25,21.14,8.93,-1.4,8.3,3.6,12,9.5,2.1,1.4,-4.1,6.1,-4.9,1.9,13.3,-9,7.6,7.1,10.6,5,7.7,5.75,4.44,1.8,7.56,-1.75,2.52,n.a.,n.a.
"World Economic Outlook, May 2001",Annual percent change,W528NGDP_R%,TAIWAN PROV.OF CHINA,"Gross domestic product, constant prices",11.33,12.77,13.25,12.87,1.16,4.93,13.86,10.19,13.59,8.17,7.3,6.16,3.55,8.45,10.6,4.95,11.64,12.74,7.84,8.23,5.39,7.55,7.49,6.55,7.58,6.42,6.1,6.68,4.57,5.42,5.98,4.1,5.6
"World Economic Outlook, May 2001",Annual percent change,W923NGDP_R%,TAJIKISTAN,"Gross domestic product, constant prices",n.a.,n.a.,n.a.,n.a.,n.a.,n.a.,n.a.,n.a.,n.a.,n.a.,n.a.,n.a.,n.a.,n.a.,n.a.,n.a.,n.a.,n.a.,n.a.,n.a.,n.a.,-7.1,-28.9,-11.1,-21.4,-12.5,-4.4,1.7,5.3,3.7,8.3,5,5
"World Economic Outlook, May 2001",Annual percent change,W738NGDP_R%,TANZANIA,"Gross domestic product, constant prices",5.8,4.18,6.72,3.06,2.5,5.69,6.61,0.4,2.13,2.91,3.27,1.21,0.06,-0.88,0.46,3.98,5.62,6.23,5.9,3.77,7.04,2.07,0.58,1.21,1.57,3.57,4.54,3.52,3.35,4.75,5.08,5.35,5.65
"World Economic Outlook, May 2001",Annual percent change,W578NGDP_R%,THAILAND,"Gross domestic product, constant prices",6.49,4.66,4.8,9.43,5.44,7.14,8.71,7.21,10.09,6.06,5.76,5.91,5.35,5.58,5.76,4.64,5.53,9.52,13.29,12.19,11.62,8.11,8.08,8.38,8.95,9.31,5.88,-1.45,-10.77,4.22,4.31,2.96,4.5
"World Economic Outlook, May 2001",Annual percent change,W742NGDP_R%,TOGO,"Gross domestic product, constant prices",3.6,6.05,3.78,-4.17,4.25,-0.62,-0.47,5.56,6.02,5.4,1.71,-3.42,-3.71,-5.16,5.88,3.72,3.26,-2.48,10.12,4.1,-0.16,-0.7,-3.98,-16.86,17.49,6.94,9.67,4.25,-2.12,2.69,-0.47,n.a.,n.a.
"World Economic Outlook, May 2001",Annual percent change,W866NGDP_R%,TONGA,"Gross domestic product, constant prices",n.a.,n.a.,n.a.,n.a.,n.a.,n.a.,n.a.,n.a.,n.a.,n.a.,n.a.,n.a.,4.71,1.93,1.77,6.57,2.12,2.99,-1.88,0.39,-2.04,6.41,0.25,3.74,4.95,4.8,-1.43,-4.39,-1.5,0,1.5,n.a.,n.a.
"World Economic Outlook, May 2001",Annual percent change,W369NGDP_R%,TRINIDAD AND TOBAGO,"Gross domestic product, constant prices",6.56,2.2,3.5,3,3.7,2.5,7.77,8.03,-4.24,7.81,1.86,-1.04,3.81,-10.31,-5.75,-4.12,-3.28,-4.56,-4.01,-0.73,1.51,2.68,-1.69,-1.42,3.57,4,3.79,3.11,4.77,6.76,5.62,n.a.,n.a.
"World Economic Outlook, May 2001",Annual percent change,W744NGDP_R%,TUNISIA,"Gross domestic product, constant prices",7.43,11.04,17.81,0.37,5.64,7,7.93,5.6,6.45,6.6,7.4,5.52,-0.48,4.67,5.73,5.67,-1.45,6.7,0.07,2.58,7.07,3.9,7.81,2.19,3.18,2.35,7.15,5.44,4.76,6.25,5.02,6.24,6.15
"World Economic Outlook, May 2001",Annual percent change,W186NGDP_R%,TURKEY,"Gross domestic product, constant prices",4.89,9.06,6.57,4.42,8.52,8.89,8.45,7.47,2.83,-0.87,-0.78,4.36,3.43,4.76,6.82,4.26,6.94,9.58,2.32,0.29,9.18,0.8,5.04,7.65,-4.67,8.07,6.95,7.5,3.1,-4.7,7.2,-2.6,4.9
"World Economic Outlook, May 2001",Annual percent change,W925NGDP_R%,TURKMENISTAN,"Gross domestic product, constant prices",n.a.,n.a.,n.a.,n.a.,n.a.,n.a.,n.a.,n.a.,n.a.,n.a.,n.a.,n.a.,n.a.,n.a.,n.a.,n.a.,n.a.,n.a.,n.a.,n.a.,n.a.,-4.7,-5.3,-10,-17.3,-7.2,-6.7,-11.3,5,16,17.6,10,6
"World Economic Outlook, May 2001",Annual percent change,W746NGDP_R%,UGANDA,"Gross domestic product, constant prices",1.51,2.93,0.67,-0.61,0.17,-2.02,0.73,1.57,5.06,-7.59,-3.39,3.86,8.2,4.9,-3,-3,0.95,4,8.29,6.4,6.5,7.74,2.19,8.65,6.4,11.95,8.56,5.14,4.56,7.61,4.6,4.95,7.24
"World Economic Outlook, May 2001",Annual percent change,W926NGDP_R%,UKRAINE,"Gross domestic product, constant prices",n.a.,n.a.,n.a.,n.a.,n.a.,n.a.,n.a.,n.a.,n.a.,n.a.,n.a.,n.a.,n.a.,n.a.,n.a.,n.a.,n.a.,n.a.,n.a.,n.a.,n.a.,-10.62,-17,-14.2,-22.9,-12.24,-9.98,-3.35,-1.94,-0.44,4.23,3.97,4.51
"World Economic Outlook, May 2001",Annual percent change,W466NGDP_R%,UNITED ARAB EMIRATES,"Gross domestic product, constant prices",14.5,14.5,14.5,14.5,14.5,6.23,15.04,17.44,-4.38,3.61,-1.79,7.88,-7.06,-5.35,4.46,-2.47,-19.41,5.52,-2.57,13.32,17.53,0.21,16.79,4.6,6.62,6.74,4.89,8.12,0.28,0.52,5.83,n.a.,n.a.
"World Economic Outlook, May 2001",Annual percent change,W112NGDP_R%,UNITED KINGDOM,"Gross domestic product, constant prices",2.28,1.99,3.5,7.36,-1.7,-0.7,2.8,2.35,3.4,2.76,-2.2,-1.28,1.8,3.74,2.42,3.81,4.22,4.44,5.18,2.14,0.64,-1.32,0.07,2.33,4.39,2.79,2.55,3.51,2.64,2.29,3.04,2.56,2.82
"World Economic Outlook, May 2001",Annual percent change,W111NGDP_R%,UNITED STATES,"Gross domestic product, constant prices",0.19,3.34,5.43,5.77,-0.59,-0.36,5.56,4.64,5.52,3.18,-0.23,2.45,-2.02,4.33,7.26,3.85,3.42,3.4,4.17,3.51,1.76,-0.47,3.05,2.65,4.04,2.67,3.57,4.43,4.37,4.23,4.99,1.46,2.53
"World Economic Outlook, May 2001",Annual percent change,W298NGDP_R%,URUGUAY,"Gross domestic product, constant prices",4.81,1.69,-1.55,0.36,3.14,5.86,3.98,1.17,5.28,6.17,5.97,1.9,-9.5,-5.8,-1.09,1.48,8.86,7.93,-0.01,1.1,2.01,3.54,7.93,2.66,7.28,-1.45,5.58,4.87,4.6,-3.21,-1.02,2.02,3.98
"World Economic Outlook, May 2001",Annual percent change,W927NGDP_R%,UZBEKISTAN,"Gross domestic product, constant prices",n.a.,n.a.,n.a.,n.a.,n.a.,n.a.,n.a.,n.a.,n.a.,n.a.,n.a.,n.a.,n.a.,n.a.,n.a.,n.a.,n.a.,n.a.,n.a.,n.a.,n.a.,-0.5,-11.1,-2.3,-4.2,-0.9,1.6,2.5,4.3,4.34,4,1,1
"World Economic Outlook, May 2001",Annual percent change,W846NGDP_R%,VANUATU,"Gross domestic product, constant prices",10.15,4.34,2.11,6.83,3.43,6.06,1.25,6.53,8.68,3.22,5.45,1,1.98,3.01,6.86,1.11,-2.02,0.42,0.57,4.06,11.57,4.33,-0.72,4.45,1.28,2.28,0.4,0.6,6,-2.51,3.97,n.a.,n.a.
"World Economic Outlook, May 2001",Annual percent change,W299NGDP_R%,VENEZUELA,"Gross domestic product, constant prices",8.76,3.02,2.73,6.25,6.06,6.08,8.77,6.72,2.08,1.32,-1.9,-0.41,0.71,-5.51,1.16,0.19,6.51,3.57,5.84,-8.59,6.48,9.74,6.05,0.28,-2.35,3.95,-0.2,6.37,0.17,-6.09,3.22,3.3,2.8
"World Economic Outlook, May 2001",Annual percent change,W582NGDP_R%,VIETNAM,"Gross domestic product, constant prices",7.82,3.8,1.96,-1.42,2.48,2.99,11,13.56,1.77,6.72,-3.5,5.8,8.15,7.09,8.4,5.62,3.36,2.55,5.1,7.8,4.9,6.01,8.65,8.07,8.84,9.54,9.34,8.15,3.5,4.2,5.5,5,6
"World Economic Outlook, May 2001",Annual percent change,W474NGDP_R%,"YEMEN, REPUBLIC OF","Gross domestic product, constant prices",n.a.,n.a.,n.a.,n.a.,n.a.,n.a.,n.a.,n.a.,n.a.,n.a.,n.a.,n.a.,n.a.,n.a.,n.a.,n.a.,n.a.,n.a.,n.a.,n.a.,n.a.,-2.09,4.84,0.4,-3.62,7.95,2.93,8.09,5.28,3.79,6.46,n.a.,n.a.
"World Economic Outlook, May 2001",Annual percent change,W754NGDP_R%,ZAMBIA,"Gross domestic product, constant prices",-13.69,0.06,9.84,-0.96,6.74,-2.43,4.31,-4.34,0.57,-3.04,3.85,6.63,-2.91,-1.14,-1.72,1.24,1.7,1.49,9.27,-3.66,-0.48,-0.74,2.04,-0.09,-13.25,-2.31,6.48,3.48,-2.18,2.45,4.02,n.a.,n.a.
"World Economic Outlook, May 2001",Annual percent change,W698NGDP_R%,ZIMBABWE,"Gross domestic product, constant prices",5.88,12.04,9.71,-7.53,17.31,-2.8,-0.79,-5.69,-2.15,3.8,10.68,12.53,2.63,1.59,-1.91,6.94,2.1,1.15,7.55,5.22,6.98,5.52,-9.01,1.06,7.13,-0.56,8.66,3.75,2.47,-0.22,-5.52,n.a.,n.a.
